dataset_idx,dataset,run,ref_method,target_fnum,target_fratio,was_filled
1.0,Glass,1,GBFS_enhanced__init_probabilistic__ks_rc_greedy__post_buddy,4.0,0.4444444444444444,False
1.0,Glass,2,GBFS_enhanced__init_probabilistic__ks_rc_greedy__post_buddy,6.0,0.6666666666666666,False
1.0,Glass,3,GBFS_enhanced__init_probabilistic__ks_rc_greedy__post_buddy,4.0,0.4444444444444444,False
1.0,Glass,4,GBFS_enhanced__init_probabilistic__ks_rc_greedy__post_buddy,4.0,0.4444444444444444,False
1.0,Glass,5,GBFS_enhanced__init_probabilistic__ks_rc_greedy__post_buddy,5.0,0.5555555555555556,False
1.0,Glass,6,GBFS_enhanced__init_probabilistic__ks_rc_greedy__post_buddy,4.0,0.4444444444444444,False
1.0,Glass,7,GBFS_enhanced__init_probabilistic__ks_rc_greedy__post_buddy,4.0,0.4444444444444444,False
1.0,Glass,8,GBFS_enhanced__init_probabilistic__ks_rc_greedy__post_buddy,5.0,0.5555555555555556,False
1.0,Glass,9,GBFS_enhanced__init_probabilistic__ks_rc_greedy__post_buddy,4.0,0.4444444444444444,False
1.0,Glass,10,GBFS_enhanced__init_probabilistic__ks_rc_greedy__post_buddy,4.0,0.4444444444444444,False
1.0,Glass,11,GBFS_enhanced__init_probabilistic__ks_rc_greedy__post_buddy,4.0,0.4444444444444444,False
1.0,Glass,12,GBFS_enhanced__init_probabilistic__ks_rc_greedy__post_buddy,4.0,0.4444444444444444,False
1.0,Glass,13,GBFS_enhanced__init_probabilistic__ks_rc_greedy__post_buddy,4.0,0.4444444444444444,False
1.0,Glass,14,GBFS_enhanced__init_probabilistic__ks_rc_greedy__post_buddy,4.0,0.4444444444444444,False
1.0,Glass,15,GBFS_enhanced__init_probabilistic__ks_rc_greedy__post_buddy,5.0,0.5555555555555556,False
1.0,Glass,16,GBFS_enhanced__init_probabilistic__ks_rc_greedy__post_buddy,4.0,0.4444444444444444,False
1.0,Glass,17,GBFS_enhanced__init_probabilistic__ks_rc_greedy__post_buddy,5.0,0.5555555555555556,False
1.0,Glass,18,GBFS_enhanced__init_probabilistic__ks_rc_greedy__post_buddy,4.0,0.4444444444444444,False
1.0,Glass,19,GBFS_enhanced__init_probabilistic__ks_rc_greedy__post_buddy,5.0,0.5555555555555556,False
1.0,Glass,20,GBFS_enhanced__init_probabilistic__ks_rc_greedy__post_buddy,4.0,0.4444444444444444,False
1.0,Glass,21,GBFS_enhanced__init_probabilistic__ks_rc_greedy__post_buddy,4.0,0.4444444444444444,False
1.0,Glass,22,GBFS_enhanced__init_probabilistic__ks_rc_greedy__post_buddy,5.0,0.5555555555555556,False
1.0,Glass,23,GBFS_enhanced__init_probabilistic__ks_rc_greedy__post_buddy,4.0,0.4444444444444444,False
1.0,Glass,24,GBFS_enhanced__init_probabilistic__ks_rc_greedy__post_buddy,4.0,0.4444444444444444,False
1.0,Glass,25,GBFS_enhanced__init_probabilistic__ks_rc_greedy__post_buddy,5.0,0.5555555555555556,False
1.0,Glass,26,GBFS_enhanced__init_probabilistic__ks_rc_greedy__post_buddy,6.0,0.6666666666666666,False
1.0,Glass,27,GBFS_enhanced__init_probabilistic__ks_rc_greedy__post_buddy,4.0,0.4444444444444444,False
1.0,Glass,28,GBFS_enhanced__init_probabilistic__ks_rc_greedy__post_buddy,4.0,0.4444444444444444,False
1.0,Glass,29,GBFS_enhanced__init_probabilistic__ks_rc_greedy__post_buddy,6.0,0.6666666666666666,False
1.0,Glass,30,GBFS_enhanced__init_probabilistic__ks_rc_greedy__post_buddy,6.0,0.6666666666666666,False
1.0,Glass,31,GBFS_enhanced__init_probabilistic__ks_rc_greedy__post_buddy,5.0,0.5555555555555556,False
1.0,Glass,32,GBFS_enhanced__init_probabilistic__ks_rc_greedy__post_buddy,6.0,0.6666666666666666,False
1.0,Glass,33,GBFS_enhanced__init_probabilistic__ks_rc_greedy__post_buddy,5.0,0.5555555555555556,False
1.0,Glass,34,GBFS_enhanced__init_probabilistic__ks_rc_greedy__post_buddy,5.0,0.5555555555555556,False
1.0,Glass,35,GBFS_enhanced__init_probabilistic__ks_rc_greedy__post_buddy,4.0,0.4444444444444444,False
1.0,Glass,36,GBFS_enhanced__init_probabilistic__ks_rc_greedy__post_buddy,4.0,0.4444444444444444,False
1.0,Glass,37,GBFS_enhanced__init_probabilistic__ks_rc_greedy__post_buddy,5.0,0.5555555555555556,False
1.0,Glass,38,GBFS_enhanced__init_probabilistic__ks_rc_greedy__post_buddy,5.0,0.5555555555555556,False
1.0,Glass,39,GBFS_enhanced__init_probabilistic__ks_rc_greedy__post_buddy,6.0,0.6666666666666666,False
1.0,Glass,40,GBFS_enhanced__init_probabilistic__ks_rc_greedy__post_buddy,6.0,0.6666666666666666,False
2.0,Urban,1,GBFS_enhanced__init_probabilistic__ks_rc_greedy__post_buddy,19.0,0.1292517006802721,False
2.0,Urban,2,GBFS_enhanced__init_probabilistic__ks_rc_greedy__post_buddy,23.0,0.1564625850340136,False
2.0,Urban,3,GBFS_enhanced__init_probabilistic__ks_rc_greedy__post_buddy,35.0,0.238095238095238,False
2.0,Urban,4,GBFS_enhanced__init_probabilistic__ks_rc_greedy__post_buddy,20.0,0.1360544217687075,False
2.0,Urban,5,GBFS_enhanced__init_probabilistic__ks_rc_greedy__post_buddy,21.0,0.1428571428571428,False
2.0,Urban,6,GBFS_enhanced__init_probabilistic__ks_rc_greedy__post_buddy,23.0,0.1564625850340136,False
2.0,Urban,7,GBFS_enhanced__init_probabilistic__ks_rc_greedy__post_buddy,20.0,0.1360544217687075,False
2.0,Urban,8,GBFS_enhanced__init_probabilistic__ks_rc_greedy__post_buddy,22.0,0.1496598639455782,False
2.0,Urban,9,GBFS_enhanced__init_probabilistic__ks_rc_greedy__post_buddy,28.0,0.1904761904761904,False
2.0,Urban,10,GBFS_enhanced__init_probabilistic__ks_rc_greedy__post_buddy,22.0,0.1496598639455782,False
2.0,Urban,11,GBFS_enhanced__init_probabilistic__ks_rc_greedy__post_buddy,37.0,0.2517006802721088,False
2.0,Urban,12,GBFS_enhanced__init_probabilistic__ks_rc_greedy__post_buddy,29.0,0.1972789115646258,False
2.0,Urban,13,GBFS_enhanced__init_probabilistic__ks_rc_greedy__post_buddy,23.0,0.1564625850340136,False
2.0,Urban,14,GBFS_enhanced__init_probabilistic__ks_rc_greedy__post_buddy,29.0,0.1972789115646258,False
2.0,Urban,15,GBFS_enhanced__init_probabilistic__ks_rc_greedy__post_buddy,30.0,0.2040816326530612,False
2.0,Urban,16,GBFS_enhanced__init_probabilistic__ks_rc_greedy__post_buddy,27.0,0.1836734693877551,False
2.0,Urban,17,GBFS_enhanced__init_probabilistic__ks_rc_greedy__post_buddy,26.0,0.1768707482993197,False
2.0,Urban,18,GBFS_enhanced__init_probabilistic__ks_rc_greedy__post_buddy,24.0,0.1632653061224489,False
2.0,Urban,19,GBFS_enhanced__init_probabilistic__ks_rc_greedy__post_buddy,22.0,0.1496598639455782,False
2.0,Urban,20,GBFS_enhanced__init_probabilistic__ks_rc_greedy__post_buddy,25.0,0.1700680272108843,False
2.0,Urban,21,GBFS_enhanced__init_probabilistic__ks_rc_greedy__post_buddy,21.0,0.1428571428571428,False
2.0,Urban,22,GBFS_enhanced__init_probabilistic__ks_rc_greedy__post_buddy,20.0,0.1360544217687075,False
2.0,Urban,23,GBFS_enhanced__init_probabilistic__ks_rc_greedy__post_buddy,28.0,0.1904761904761904,False
2.0,Urban,24,GBFS_enhanced__init_probabilistic__ks_rc_greedy__post_buddy,26.0,0.1768707482993197,False
2.0,Urban,25,GBFS_enhanced__init_probabilistic__ks_rc_greedy__post_buddy,22.0,0.1496598639455782,False
2.0,Urban,26,GBFS_enhanced__init_probabilistic__ks_rc_greedy__post_buddy,23.0,0.1564625850340136,False
2.0,Urban,27,GBFS_enhanced__init_probabilistic__ks_rc_greedy__post_buddy,19.0,0.1292517006802721,False
2.0,Urban,28,GBFS_enhanced__init_probabilistic__ks_rc_greedy__post_buddy,27.0,0.1836734693877551,False
2.0,Urban,29,GBFS_enhanced__init_probabilistic__ks_rc_greedy__post_buddy,34.0,0.2312925170068027,False
2.0,Urban,30,GBFS_enhanced__init_probabilistic__ks_rc_greedy__post_buddy,25.0,0.1700680272108843,False
2.0,Urban,31,GBFS_enhanced__init_probabilistic__ks_rc_greedy__post_buddy,27.0,0.1836734693877551,False
2.0,Urban,32,GBFS_enhanced__init_probabilistic__ks_rc_greedy__post_buddy,19.0,0.1292517006802721,False
2.0,Urban,33,GBFS_enhanced__init_probabilistic__ks_rc_greedy__post_buddy,31.0,0.2108843537414966,False
2.0,Urban,34,GBFS_enhanced__init_probabilistic__ks_rc_greedy__post_buddy,27.0,0.1836734693877551,False
2.0,Urban,35,GBFS_enhanced__init_probabilistic__ks_rc_greedy__post_buddy,14.0,0.0952380952380952,False
2.0,Urban,36,GBFS_enhanced__init_probabilistic__ks_rc_greedy__post_buddy,36.0,0.2448979591836734,False
2.0,Urban,37,GBFS_enhanced__init_probabilistic__ks_rc_greedy__post_buddy,26.0,0.1768707482993197,False
2.0,Urban,38,GBFS_enhanced__init_probabilistic__ks_rc_greedy__post_buddy,20.0,0.1360544217687075,False
2.0,Urban,39,GBFS_enhanced__init_probabilistic__ks_rc_greedy__post_buddy,17.0,0.1156462585034013,False
2.0,Urban,40,GBFS_enhanced__init_probabilistic__ks_rc_greedy__post_buddy,20.0,0.1360544217687075,False
3.0,Musk1,1,GBFS_enhanced__init_probabilistic__ks_rc_greedy__post_buddy,14.0,0.0843373493975903,False
3.0,Musk1,2,GBFS_enhanced__init_probabilistic__ks_rc_greedy__post_buddy,24.0,0.144578313253012,False
3.0,Musk1,3,GBFS_enhanced__init_probabilistic__ks_rc_greedy__post_buddy,26.0,0.1566265060240964,False
3.0,Musk1,4,GBFS_enhanced__init_probabilistic__ks_rc_greedy__post_buddy,26.0,0.1566265060240964,False
3.0,Musk1,5,GBFS_enhanced__init_probabilistic__ks_rc_greedy__post_buddy,22.0,0.1325301204819277,False
3.0,Musk1,6,GBFS_enhanced__init_probabilistic__ks_rc_greedy__post_buddy,16.0,0.0963855421686747,False
3.0,Musk1,7,GBFS_enhanced__init_probabilistic__ks_rc_greedy__post_buddy,20.0,0.1204819277108433,False
3.0,Musk1,8,GBFS_enhanced__init_probabilistic__ks_rc_greedy__post_buddy,22.0,0.1325301204819277,False
3.0,Musk1,9,GBFS_enhanced__init_probabilistic__ks_rc_greedy__post_buddy,14.0,0.0843373493975903,False
3.0,Musk1,10,GBFS_enhanced__init_probabilistic__ks_rc_greedy__post_buddy,16.0,0.0963855421686747,False
3.0,Musk1,11,GBFS_enhanced__init_probabilistic__ks_rc_greedy__post_buddy,19.0,0.1144578313253012,False
3.0,Musk1,12,GBFS_enhanced__init_probabilistic__ks_rc_greedy__post_buddy,22.0,0.1325301204819277,False
3.0,Musk1,13,GBFS_enhanced__init_probabilistic__ks_rc_greedy__post_buddy,24.0,0.144578313253012,False
3.0,Musk1,14,GBFS_enhanced__init_probabilistic__ks_rc_greedy__post_buddy,24.0,0.144578313253012,False
3.0,Musk1,15,GBFS_enhanced__init_probabilistic__ks_rc_greedy__post_buddy,30.0,0.180722891566265,False
3.0,Musk1,16,GBFS_enhanced__init_probabilistic__ks_rc_greedy__post_buddy,20.0,0.1204819277108433,False
3.0,Musk1,17,GBFS_enhanced__init_probabilistic__ks_rc_greedy__post_buddy,22.0,0.1325301204819277,False
3.0,Musk1,18,GBFS_enhanced__init_probabilistic__ks_rc_greedy__post_buddy,13.0,0.0783132530120482,False
3.0,Musk1,19,GBFS_enhanced__init_probabilistic__ks_rc_greedy__post_buddy,28.0,0.1686746987951807,False
3.0,Musk1,20,GBFS_enhanced__init_probabilistic__ks_rc_greedy__post_buddy,13.0,0.0783132530120482,False
3.0,Musk1,21,GBFS_enhanced__init_probabilistic__ks_rc_greedy__post_buddy,20.0,0.1204819277108433,False
3.0,Musk1,22,GBFS_enhanced__init_probabilistic__ks_rc_greedy__post_buddy,16.0,0.0963855421686747,False
3.0,Musk1,23,GBFS_enhanced__init_probabilistic__ks_rc_greedy__post_buddy,23.0,0.1385542168674698,False
3.0,Musk1,24,GBFS_enhanced__init_probabilistic__ks_rc_greedy__post_buddy,26.0,0.1566265060240964,False
3.0,Musk1,25,GBFS_enhanced__init_probabilistic__ks_rc_greedy__post_buddy,26.0,0.1566265060240964,False
3.0,Musk1,26,GBFS_enhanced__init_probabilistic__ks_rc_greedy__post_buddy,18.0,0.108433734939759,False
3.0,Musk1,27,GBFS_enhanced__init_probabilistic__ks_rc_greedy__post_buddy,30.0,0.180722891566265,False
3.0,Musk1,28,GBFS_enhanced__init_probabilistic__ks_rc_greedy__post_buddy,23.0,0.1385542168674698,False
3.0,Musk1,29,GBFS_enhanced__init_probabilistic__ks_rc_greedy__post_buddy,26.0,0.1566265060240964,False
3.0,Musk1,30,GBFS_enhanced__init_probabilistic__ks_rc_greedy__post_buddy,16.0,0.0963855421686747,False
3.0,Musk1,31,GBFS_enhanced__init_probabilistic__ks_rc_greedy__post_buddy,18.0,0.108433734939759,False
3.0,Musk1,32,GBFS_enhanced__init_probabilistic__ks_rc_greedy__post_buddy,23.0,0.1385542168674698,False
3.0,Musk1,33,GBFS_enhanced__init_probabilistic__ks_rc_greedy__post_buddy,14.0,0.0843373493975903,False
3.0,Musk1,34,GBFS_enhanced__init_probabilistic__ks_rc_greedy__post_buddy,20.0,0.1204819277108433,False
3.0,Musk1,35,GBFS_enhanced__init_probabilistic__ks_rc_greedy__post_buddy,22.0,0.1325301204819277,False
3.0,Musk1,36,GBFS_enhanced__init_probabilistic__ks_rc_greedy__post_buddy,26.0,0.1566265060240964,False
3.0,Musk1,37,GBFS_enhanced__init_probabilistic__ks_rc_greedy__post_buddy,20.0,0.1204819277108433,False
3.0,Musk1,38,GBFS_enhanced__init_probabilistic__ks_rc_greedy__post_buddy,18.0,0.108433734939759,False
3.0,Musk1,39,GBFS_enhanced__init_probabilistic__ks_rc_greedy__post_buddy,19.0,0.1144578313253012,False
3.0,Musk1,40,GBFS_enhanced__init_probabilistic__ks_rc_greedy__post_buddy,26.0,0.1566265060240964,False
4.0,Usps,1,GBFS_enhanced__init_probabilistic__ks_rc_greedy__post_buddy,69.0,0.26953125,False
4.0,Usps,2,GBFS_enhanced__init_probabilistic__ks_rc_greedy__post_buddy,70.0,0.2734375,False
4.0,Usps,3,GBFS_enhanced__init_probabilistic__ks_rc_greedy__post_buddy,81.0,0.31640625,False
4.0,Usps,4,GBFS_enhanced__init_probabilistic__ks_rc_greedy__post_buddy,78.0,0.3046875,False
4.0,Usps,5,GBFS_enhanced__init_probabilistic__ks_rc_greedy__post_buddy,96.0,0.375,False
4.0,Usps,6,GBFS_enhanced__init_probabilistic__ks_rc_greedy__post_buddy,86.0,0.3359375,False
4.0,Usps,7,GBFS_enhanced__init_probabilistic__ks_rc_greedy__post_buddy,82.0,0.3203125,False
4.0,Usps,8,GBFS_enhanced__init_probabilistic__ks_rc_greedy__post_buddy,67.0,0.26171875,False
4.0,Usps,9,GBFS_enhanced__init_probabilistic__ks_rc_greedy__post_buddy,80.0,0.3125,False
4.0,Usps,10,GBFS_enhanced__init_probabilistic__ks_rc_greedy__post_buddy,70.0,0.2734375,False
4.0,Usps,11,GBFS_enhanced__init_probabilistic__ks_rc_greedy__post_buddy,77.0,0.30078125,False
4.0,Usps,12,GBFS_enhanced__init_probabilistic__ks_rc_greedy__post_buddy,74.0,0.2890625,False
4.0,Usps,13,GBFS_enhanced__init_probabilistic__ks_rc_greedy__post_buddy,83.0,0.32421875,False
4.0,Usps,14,GBFS_enhanced__init_probabilistic__ks_rc_greedy__post_buddy,62.0,0.2421875,False
4.0,Usps,15,GBFS_enhanced__init_probabilistic__ks_rc_greedy__post_buddy,63.0,0.24609375,False
4.0,Usps,16,GBFS_enhanced__init_probabilistic__ks_rc_greedy__post_buddy,87.0,0.33984375,False
4.0,Usps,17,GBFS_enhanced__init_probabilistic__ks_rc_greedy__post_buddy,64.0,0.25,False
4.0,Usps,18,GBFS_enhanced__init_probabilistic__ks_rc_greedy__post_buddy,80.0,0.3125,False
4.0,Usps,19,GBFS_enhanced__init_probabilistic__ks_rc_greedy__post_buddy,71.0,0.27734375,False
4.0,Usps,20,GBFS_enhanced__init_probabilistic__ks_rc_greedy__post_buddy,79.0,0.30859375,False
4.0,Usps,21,GBFS_enhanced__init_probabilistic__ks_rc_greedy__post_buddy,78.0,0.3046875,False
4.0,Usps,22,GBFS_enhanced__init_probabilistic__ks_rc_greedy__post_buddy,75.0,0.29296875,False
4.0,Usps,23,GBFS_enhanced__init_probabilistic__ks_rc_greedy__post_buddy,73.0,0.28515625,False
4.0,Usps,24,GBFS_enhanced__init_probabilistic__ks_rc_greedy__post_buddy,58.0,0.2265625,False
4.0,Usps,25,GBFS_enhanced__init_probabilistic__ks_rc_greedy__post_buddy,86.0,0.3359375,False
4.0,Usps,26,GBFS_enhanced__init_probabilistic__ks_rc_greedy__post_buddy,75.0,0.29296875,False
4.0,Usps,27,GBFS_enhanced__init_probabilistic__ks_rc_greedy__post_buddy,66.0,0.2578125,False
4.0,Usps,28,GBFS_enhanced__init_probabilistic__ks_rc_greedy__post_buddy,61.0,0.23828125,False
4.0,Usps,29,GBFS_enhanced__init_probabilistic__ks_rc_greedy__post_buddy,76.0,0.296875,False
4.0,Usps,30,GBFS_enhanced__init_probabilistic__ks_rc_greedy__post_buddy,66.0,0.2578125,False
4.0,Usps,31,GBFS_enhanced__init_probabilistic__ks_rc_greedy__post_buddy,83.0,0.32421875,False
4.0,Usps,32,GBFS_enhanced__init_probabilistic__ks_rc_greedy__post_buddy,76.0,0.296875,False
4.0,Usps,33,GBFS_enhanced__init_probabilistic__ks_rc_greedy__post_buddy,78.0,0.3046875,False
4.0,Usps,34,GBFS_enhanced__init_probabilistic__ks_rc_greedy__post_buddy,78.0,0.3046875,False
4.0,Usps,35,GBFS_enhanced__init_probabilistic__ks_rc_greedy__post_buddy,86.0,0.3359375,False
4.0,Usps,36,GBFS_enhanced__init_probabilistic__ks_rc_greedy__post_buddy,88.0,0.34375,False
4.0,Usps,37,GBFS_enhanced__init_probabilistic__ks_rc_greedy__post_buddy,78.0,0.3046875,False
4.0,Usps,38,GBFS_enhanced__init_probabilistic__ks_rc_greedy__post_buddy,75.0,0.29296875,False
4.0,Usps,39,GBFS_enhanced__init_probabilistic__ks_rc_greedy__post_buddy,66.0,0.2578125,False
4.0,Usps,40,GBFS_enhanced__init_probabilistic__ks_rc_greedy__post_buddy,82.0,0.3203125,False
5.0,Madelon,1,GBFS_enhanced__init_probabilistic__ks_rc_greedy__post_buddy,12.0,0.024,False
5.0,Madelon,2,GBFS_enhanced__init_probabilistic__ks_rc_greedy__post_buddy,12.0,0.024,False
5.0,Madelon,3,GBFS_enhanced__init_probabilistic__ks_rc_greedy__post_buddy,14.0,0.028,False
5.0,Madelon,4,GBFS_enhanced__init_probabilistic__ks_rc_greedy__post_buddy,15.0,0.03,False
5.0,Madelon,5,GBFS_enhanced__init_probabilistic__ks_rc_greedy__post_buddy,10.0,0.02,False
5.0,Madelon,6,GBFS_enhanced__init_probabilistic__ks_rc_greedy__post_buddy,10.0,0.02,False
5.0,Madelon,7,GBFS_enhanced__init_probabilistic__ks_rc_greedy__post_buddy,13.0,0.026,False
5.0,Madelon,8,GBFS_enhanced__init_probabilistic__ks_rc_greedy__post_buddy,15.0,0.03,False
5.0,Madelon,9,GBFS_enhanced__init_probabilistic__ks_rc_greedy__post_buddy,12.0,0.024,False
5.0,Madelon,10,GBFS_enhanced__init_probabilistic__ks_rc_greedy__post_buddy,12.0,0.024,False
5.0,Madelon,11,GBFS_enhanced__init_probabilistic__ks_rc_greedy__post_buddy,13.0,0.026,False
5.0,Madelon,12,GBFS_enhanced__init_probabilistic__ks_rc_greedy__post_buddy,12.0,0.024,False
5.0,Madelon,13,GBFS_enhanced__init_probabilistic__ks_rc_greedy__post_buddy,10.0,0.02,False
5.0,Madelon,14,GBFS_enhanced__init_probabilistic__ks_rc_greedy__post_buddy,13.0,0.026,False
5.0,Madelon,15,GBFS_enhanced__init_probabilistic__ks_rc_greedy__post_buddy,11.0,0.022,False
5.0,Madelon,16,GBFS_enhanced__init_probabilistic__ks_rc_greedy__post_buddy,14.0,0.028,False
5.0,Madelon,17,GBFS_enhanced__init_probabilistic__ks_rc_greedy__post_buddy,11.0,0.022,False
5.0,Madelon,18,GBFS_enhanced__init_probabilistic__ks_rc_greedy__post_buddy,9.0,0.018,False
5.0,Madelon,19,GBFS_enhanced__init_probabilistic__ks_rc_greedy__post_buddy,14.0,0.028,False
5.0,Madelon,20,GBFS_enhanced__init_probabilistic__ks_rc_greedy__post_buddy,15.0,0.03,False
5.0,Madelon,21,GBFS_enhanced__init_probabilistic__ks_rc_greedy__post_buddy,17.0,0.034,False
5.0,Madelon,22,GBFS_enhanced__init_probabilistic__ks_rc_greedy__post_buddy,13.0,0.026,False
5.0,Madelon,23,GBFS_enhanced__init_probabilistic__ks_rc_greedy__post_buddy,13.0,0.026,False
5.0,Madelon,24,GBFS_enhanced__init_probabilistic__ks_rc_greedy__post_buddy,9.0,0.018,False
5.0,Madelon,25,GBFS_enhanced__init_probabilistic__ks_rc_greedy__post_buddy,12.0,0.024,False
5.0,Madelon,26,GBFS_enhanced__init_probabilistic__ks_rc_greedy__post_buddy,14.0,0.028,False
5.0,Madelon,27,GBFS_enhanced__init_probabilistic__ks_rc_greedy__post_buddy,15.0,0.03,False
5.0,Madelon,28,GBFS_enhanced__init_probabilistic__ks_rc_greedy__post_buddy,14.0,0.028,False
5.0,Madelon,29,GBFS_enhanced__init_probabilistic__ks_rc_greedy__post_buddy,16.0,0.032,False
5.0,Madelon,30,GBFS_enhanced__init_probabilistic__ks_rc_greedy__post_buddy,12.0,0.024,False
5.0,Madelon,31,GBFS_enhanced__init_probabilistic__ks_rc_greedy__post_buddy,10.0,0.02,False
5.0,Madelon,32,GBFS_enhanced__init_probabilistic__ks_rc_greedy__post_buddy,16.0,0.032,False
5.0,Madelon,33,GBFS_enhanced__init_probabilistic__ks_rc_greedy__post_buddy,14.0,0.028,False
5.0,Madelon,34,GBFS_enhanced__init_probabilistic__ks_rc_greedy__post_buddy,13.0,0.026,False
5.0,Madelon,35,GBFS_enhanced__init_probabilistic__ks_rc_greedy__post_buddy,17.0,0.034,False
5.0,Madelon,36,GBFS_enhanced__init_probabilistic__ks_rc_greedy__post_buddy,16.0,0.032,False
5.0,Madelon,37,GBFS_enhanced__init_probabilistic__ks_rc_greedy__post_buddy,13.0,0.026,False
5.0,Madelon,38,GBFS_enhanced__init_probabilistic__ks_rc_greedy__post_buddy,12.0,0.024,False
5.0,Madelon,39,GBFS_enhanced__init_probabilistic__ks_rc_greedy__post_buddy,18.0,0.036,False
5.0,Madelon,40,GBFS_enhanced__init_probabilistic__ks_rc_greedy__post_buddy,11.0,0.022,False
6.0,Isolet,1,GBFS_enhanced__init_probabilistic__ks_rc_greedy__post_buddy,58.0,0.0940032414910859,False
6.0,Isolet,2,GBFS_enhanced__init_probabilistic__ks_rc_greedy__post_buddy,56.0,0.0907617504051863,False
6.0,Isolet,3,GBFS_enhanced__init_probabilistic__ks_rc_greedy__post_buddy,66.0,0.1069692058346839,False
6.0,Isolet,4,GBFS_enhanced__init_probabilistic__ks_rc_greedy__post_buddy,78.0,0.126418152350081,False
6.0,Isolet,5,GBFS_enhanced__init_probabilistic__ks_rc_greedy__post_buddy,50.0,0.0810372771474878,False
6.0,Isolet,6,GBFS_enhanced__init_probabilistic__ks_rc_greedy__post_buddy,58.0,0.0940032414910859,False
6.0,Isolet,7,GBFS_enhanced__init_probabilistic__ks_rc_greedy__post_buddy,44.0,0.0713128038897893,False
6.0,Isolet,8,GBFS_enhanced__init_probabilistic__ks_rc_greedy__post_buddy,56.0,0.0907617504051863,False
6.0,Isolet,9,GBFS_enhanced__init_probabilistic__ks_rc_greedy__post_buddy,60.0,0.0972447325769854,False
6.0,Isolet,10,GBFS_enhanced__init_probabilistic__ks_rc_greedy__post_buddy,62.0,0.1004862236628849,False
6.0,Isolet,11,GBFS_enhanced__init_probabilistic__ks_rc_greedy__post_buddy,56.0,0.0907617504051863,False
6.0,Isolet,12,GBFS_enhanced__init_probabilistic__ks_rc_greedy__post_buddy,66.0,0.1069692058346839,False
6.0,Isolet,13,GBFS_enhanced__init_probabilistic__ks_rc_greedy__post_buddy,54.0,0.0875202593192868,False
6.0,Isolet,14,GBFS_enhanced__init_probabilistic__ks_rc_greedy__post_buddy,36.0,0.0583468395461912,False
6.0,Isolet,15,GBFS_enhanced__init_probabilistic__ks_rc_greedy__post_buddy,58.0,0.0940032414910859,False
6.0,Isolet,16,GBFS_enhanced__init_probabilistic__ks_rc_greedy__post_buddy,54.0,0.0875202593192868,False
6.0,Isolet,17,GBFS_enhanced__init_probabilistic__ks_rc_greedy__post_buddy,58.0,0.0940032414910859,False
6.0,Isolet,18,GBFS_enhanced__init_probabilistic__ks_rc_greedy__post_buddy,50.0,0.0810372771474878,False
6.0,Isolet,19,GBFS_enhanced__init_probabilistic__ks_rc_greedy__post_buddy,60.0,0.0972447325769854,False
6.0,Isolet,20,GBFS_enhanced__init_probabilistic__ks_rc_greedy__post_buddy,84.0,0.1361426256077795,False
6.0,Isolet,21,GBFS_enhanced__init_probabilistic__ks_rc_greedy__post_buddy,54.0,0.0875202593192868,False
6.0,Isolet,22,GBFS_enhanced__init_probabilistic__ks_rc_greedy__post_buddy,44.0,0.0713128038897893,False
6.0,Isolet,23,GBFS_enhanced__init_probabilistic__ks_rc_greedy__post_buddy,60.0,0.0972447325769854,False
6.0,Isolet,24,GBFS_enhanced__init_probabilistic__ks_rc_greedy__post_buddy,68.0,0.1102106969205834,False
6.0,Isolet,25,GBFS_enhanced__init_probabilistic__ks_rc_greedy__post_buddy,44.0,0.0713128038897893,False
6.0,Isolet,26,GBFS_enhanced__init_probabilistic__ks_rc_greedy__post_buddy,44.0,0.0713128038897893,False
6.0,Isolet,27,GBFS_enhanced__init_probabilistic__ks_rc_greedy__post_buddy,44.0,0.0713128038897893,False
6.0,Isolet,28,GBFS_enhanced__init_probabilistic__ks_rc_greedy__post_buddy,62.0,0.1004862236628849,False
6.0,Isolet,29,GBFS_enhanced__init_probabilistic__ks_rc_greedy__post_buddy,50.0,0.0810372771474878,False
6.0,Isolet,30,GBFS_enhanced__init_probabilistic__ks_rc_greedy__post_buddy,58.0,0.0940032414910859,False
6.0,Isolet,31,GBFS_enhanced__init_probabilistic__ks_rc_greedy__post_buddy,44.0,0.0713128038897893,False
6.0,Isolet,32,GBFS_enhanced__init_probabilistic__ks_rc_greedy__post_buddy,42.0,0.0680713128038897,False
6.0,Isolet,33,GBFS_enhanced__init_probabilistic__ks_rc_greedy__post_buddy,52.0,0.0842787682333873,False
6.0,Isolet,34,GBFS_enhanced__init_probabilistic__ks_rc_greedy__post_buddy,58.0,0.0940032414910859,False
6.0,Isolet,35,GBFS_enhanced__init_probabilistic__ks_rc_greedy__post_buddy,50.0,0.0810372771474878,False
6.0,Isolet,36,GBFS_enhanced__init_probabilistic__ks_rc_greedy__post_buddy,50.0,0.0810372771474878,False
6.0,Isolet,37,GBFS_enhanced__init_probabilistic__ks_rc_greedy__post_buddy,56.0,0.0907617504051863,False
6.0,Isolet,38,GBFS_enhanced__init_probabilistic__ks_rc_greedy__post_buddy,50.0,0.0810372771474878,False
6.0,Isolet,39,GBFS_enhanced__init_probabilistic__ks_rc_greedy__post_buddy,58.0,0.0940032414910859,False
6.0,Isolet,40,GBFS_enhanced__init_probabilistic__ks_rc_greedy__post_buddy,62.0,0.1004862236628849,False
7.0,Gina,1,GBFS_enhanced__init_probabilistic__ks_rc_greedy__post_buddy,52.0,0.0536082474226804,False
7.0,Gina,2,GBFS_enhanced__init_probabilistic__ks_rc_greedy__post_buddy,42.0,0.0432989690721649,False
7.0,Gina,3,GBFS_enhanced__init_probabilistic__ks_rc_greedy__post_buddy,36.0,0.0371134020618556,False
7.0,Gina,4,GBFS_enhanced__init_probabilistic__ks_rc_greedy__post_buddy,38.0,0.0391752577319587,False
7.0,Gina,5,GBFS_enhanced__init_probabilistic__ks_rc_greedy__post_buddy,70.0,0.0721649484536082,False
7.0,Gina,6,GBFS_enhanced__init_probabilistic__ks_rc_greedy__post_buddy,52.0,0.0536082474226804,False
7.0,Gina,7,GBFS_enhanced__init_probabilistic__ks_rc_greedy__post_buddy,62.0,0.0639175257731958,False
7.0,Gina,8,GBFS_enhanced__init_probabilistic__ks_rc_greedy__post_buddy,58.0,0.0597938144329896,False
7.0,Gina,9,GBFS_enhanced__init_probabilistic__ks_rc_greedy__post_buddy,46.0,0.0474226804123711,False
7.0,Gina,10,GBFS_enhanced__init_probabilistic__ks_rc_greedy__post_buddy,54.0,0.0556701030927835,False
7.0,Gina,11,GBFS_enhanced__init_probabilistic__ks_rc_greedy__post_buddy,66.0,0.068041237113402,False
7.0,Gina,12,GBFS_enhanced__init_probabilistic__ks_rc_greedy__post_buddy,48.0,0.0494845360824742,False
7.0,Gina,13,GBFS_enhanced__init_probabilistic__ks_rc_greedy__post_buddy,40.0,0.0412371134020618,False
7.0,Gina,14,GBFS_enhanced__init_probabilistic__ks_rc_greedy__post_buddy,40.0,0.0412371134020618,False
7.0,Gina,15,GBFS_enhanced__init_probabilistic__ks_rc_greedy__post_buddy,38.0,0.0391752577319587,False
7.0,Gina,16,GBFS_enhanced__init_probabilistic__ks_rc_greedy__post_buddy,46.0,0.0474226804123711,False
7.0,Gina,17,GBFS_enhanced__init_probabilistic__ks_rc_greedy__post_buddy,56.0,0.0577319587628866,False
7.0,Gina,18,GBFS_enhanced__init_probabilistic__ks_rc_greedy__post_buddy,44.0,0.045360824742268,False
7.0,Gina,19,GBFS_enhanced__init_probabilistic__ks_rc_greedy__post_buddy,46.0,0.0474226804123711,False
7.0,Gina,20,GBFS_enhanced__init_probabilistic__ks_rc_greedy__post_buddy,56.0,0.0577319587628866,False
7.0,Gina,21,GBFS_enhanced__init_probabilistic__ks_rc_greedy__post_buddy,54.0,0.0556701030927835,False
7.0,Gina,22,GBFS_enhanced__init_probabilistic__ks_rc_greedy__post_buddy,44.0,0.045360824742268,False
7.0,Gina,23,GBFS_enhanced__init_probabilistic__ks_rc_greedy__post_buddy,52.0,0.0536082474226804,False
7.0,Gina,24,GBFS_enhanced__init_probabilistic__ks_rc_greedy__post_buddy,56.0,0.0577319587628866,False
7.0,Gina,25,GBFS_enhanced__init_probabilistic__ks_rc_greedy__post_buddy,42.0,0.0432989690721649,False
7.0,Gina,26,GBFS_enhanced__init_probabilistic__ks_rc_greedy__post_buddy,44.0,0.045360824742268,False
7.0,Gina,27,GBFS_enhanced__init_probabilistic__ks_rc_greedy__post_buddy,62.0,0.0639175257731958,False
7.0,Gina,28,GBFS_enhanced__init_probabilistic__ks_rc_greedy__post_buddy,52.0,0.0536082474226804,False
7.0,Gina,29,GBFS_enhanced__init_probabilistic__ks_rc_greedy__post_buddy,44.0,0.045360824742268,False
7.0,Gina,30,GBFS_enhanced__init_probabilistic__ks_rc_greedy__post_buddy,52.0,0.0536082474226804,False
7.0,Gina,31,GBFS_enhanced__init_probabilistic__ks_rc_greedy__post_buddy,46.0,0.0474226804123711,False
7.0,Gina,32,GBFS_enhanced__init_probabilistic__ks_rc_greedy__post_buddy,46.0,0.0474226804123711,False
7.0,Gina,33,GBFS_enhanced__init_probabilistic__ks_rc_greedy__post_buddy,54.0,0.0556701030927835,False
7.0,Gina,34,GBFS_enhanced__init_probabilistic__ks_rc_greedy__post_buddy,36.0,0.0371134020618556,False
7.0,Gina,35,GBFS_enhanced__init_probabilistic__ks_rc_greedy__post_buddy,50.0,0.0515463917525773,False
7.0,Gina,36,GBFS_enhanced__init_probabilistic__ks_rc_greedy__post_buddy,52.0,0.0536082474226804,False
7.0,Gina,37,GBFS_enhanced__init_probabilistic__ks_rc_greedy__post_buddy,42.0,0.0432989690721649,False
7.0,Gina,38,GBFS_enhanced__init_probabilistic__ks_rc_greedy__post_buddy,52.0,0.0536082474226804,False
7.0,Gina,39,GBFS_enhanced__init_probabilistic__ks_rc_greedy__post_buddy,52.0,0.0536082474226804,False
7.0,Gina,40,GBFS_enhanced__init_probabilistic__ks_rc_greedy__post_buddy,50.0,0.0515463917525773,False
8.0,Bioresponse,1,GBFS_enhanced__init_probabilistic__ks_rc_greedy__post_buddy,68.0,0.0382882882882882,False
8.0,Bioresponse,2,GBFS_enhanced__init_probabilistic__ks_rc_greedy__post_buddy,66.0,0.0371621621621621,False
8.0,Bioresponse,3,GBFS_enhanced__init_probabilistic__ks_rc_greedy__post_buddy,46.0,0.0259009009009009,False
8.0,Bioresponse,4,GBFS_enhanced__init_probabilistic__ks_rc_greedy__post_buddy,60.0,0.0337837837837837,False
8.0,Bioresponse,5,GBFS_enhanced__init_probabilistic__ks_rc_greedy__post_buddy,64.0,0.036036036036036,False
8.0,Bioresponse,6,GBFS_enhanced__init_probabilistic__ks_rc_greedy__post_buddy,86.0,0.0484234234234234,False
8.0,Bioresponse,7,GBFS_enhanced__init_probabilistic__ks_rc_greedy__post_buddy,82.0,0.0461711711711711,False
8.0,Bioresponse,8,GBFS_enhanced__init_probabilistic__ks_rc_greedy__post_buddy,62.0,0.0349099099099099,False
8.0,Bioresponse,9,GBFS_enhanced__init_probabilistic__ks_rc_greedy__post_buddy,50.0,0.0281531531531531,False
8.0,Bioresponse,10,GBFS_enhanced__init_probabilistic__ks_rc_greedy__post_buddy,78.0,0.0439189189189189,False
8.0,Bioresponse,11,GBFS_enhanced__init_probabilistic__ks_rc_greedy__post_buddy,70.0,0.0394144144144144,False
8.0,Bioresponse,12,GBFS_enhanced__init_probabilistic__ks_rc_greedy__post_buddy,40.0,0.0225225225225225,False
8.0,Bioresponse,13,GBFS_enhanced__init_probabilistic__ks_rc_greedy__post_buddy,66.0,0.0371621621621621,False
8.0,Bioresponse,14,GBFS_enhanced__init_probabilistic__ks_rc_greedy__post_buddy,72.0,0.0405405405405405,False
8.0,Bioresponse,15,GBFS_enhanced__init_probabilistic__ks_rc_greedy__post_buddy,92.0,0.0518018018018018,False
8.0,Bioresponse,16,GBFS_enhanced__init_probabilistic__ks_rc_greedy__post_buddy,70.0,0.0394144144144144,False
8.0,Bioresponse,17,GBFS_enhanced__init_probabilistic__ks_rc_greedy__post_buddy,58.0,0.0326576576576576,False
8.0,Bioresponse,18,GBFS_enhanced__init_probabilistic__ks_rc_greedy__post_buddy,42.0,0.0236486486486486,False
8.0,Bioresponse,19,GBFS_enhanced__init_probabilistic__ks_rc_greedy__post_buddy,68.0,0.0382882882882882,False
8.0,Bioresponse,20,GBFS_enhanced__init_probabilistic__ks_rc_greedy__post_buddy,66.0,0.0371621621621621,False
8.0,Bioresponse,21,GBFS_enhanced__init_probabilistic__ks_rc_greedy__post_buddy,98.0,0.0551801801801801,False
8.0,Bioresponse,22,GBFS_enhanced__init_probabilistic__ks_rc_greedy__post_buddy,56.0,0.0315315315315315,False
8.0,Bioresponse,23,GBFS_enhanced__init_probabilistic__ks_rc_greedy__post_buddy,60.0,0.0337837837837837,False
8.0,Bioresponse,24,GBFS_enhanced__init_probabilistic__ks_rc_greedy__post_buddy,68.0,0.0382882882882882,False
8.0,Bioresponse,25,GBFS_enhanced__init_probabilistic__ks_rc_greedy__post_buddy,70.0,0.0394144144144144,False
8.0,Bioresponse,26,GBFS_enhanced__init_probabilistic__ks_rc_greedy__post_buddy,60.0,0.0337837837837837,False
8.0,Bioresponse,27,GBFS_enhanced__init_probabilistic__ks_rc_greedy__post_buddy,68.0,0.0382882882882882,False
8.0,Bioresponse,28,GBFS_enhanced__init_probabilistic__ks_rc_greedy__post_buddy,64.0,0.036036036036036,False
8.0,Bioresponse,29,GBFS_enhanced__init_probabilistic__ks_rc_greedy__post_buddy,60.0,0.0337837837837837,False
8.0,Bioresponse,30,GBFS_enhanced__init_probabilistic__ks_rc_greedy__post_buddy,60.0,0.0337837837837837,False
8.0,Bioresponse,31,GBFS_enhanced__init_probabilistic__ks_rc_greedy__post_buddy,54.0,0.0304054054054054,False
8.0,Bioresponse,32,GBFS_enhanced__init_probabilistic__ks_rc_greedy__post_buddy,58.0,0.0326576576576576,False
8.0,Bioresponse,33,GBFS_enhanced__init_probabilistic__ks_rc_greedy__post_buddy,102.0,0.0574324324324324,False
8.0,Bioresponse,34,GBFS_enhanced__init_probabilistic__ks_rc_greedy__post_buddy,50.0,0.0281531531531531,False
8.0,Bioresponse,35,GBFS_enhanced__init_probabilistic__ks_rc_greedy__post_buddy,58.0,0.0326576576576576,False
8.0,Bioresponse,36,GBFS_enhanced__init_probabilistic__ks_rc_greedy__post_buddy,62.0,0.0349099099099099,False
8.0,Bioresponse,37,GBFS_enhanced__init_probabilistic__ks_rc_greedy__post_buddy,68.0,0.0382882882882882,False
8.0,Bioresponse,38,GBFS_enhanced__init_probabilistic__ks_rc_greedy__post_buddy,68.0,0.0382882882882882,False
8.0,Bioresponse,39,GBFS_enhanced__init_probabilistic__ks_rc_greedy__post_buddy,90.0,0.0506756756756756,False
8.0,Bioresponse,40,GBFS_enhanced__init_probabilistic__ks_rc_greedy__post_buddy,50.0,0.0281531531531531,False
9.0,Colon,1,GBFS_enhanced__init_probabilistic__ks_rc_greedy__post_buddy,11.0,0.0055,False
9.0,Colon,2,GBFS_enhanced__init_probabilistic__ks_rc_greedy__post_buddy,9.0,0.0045,False
9.0,Colon,3,GBFS_enhanced__init_probabilistic__ks_rc_greedy__post_buddy,11.0,0.0055,False
9.0,Colon,4,GBFS_enhanced__init_probabilistic__ks_rc_greedy__post_buddy,21.0,0.0105,False
9.0,Colon,5,GBFS_enhanced__init_probabilistic__ks_rc_greedy__post_buddy,11.0,0.0055,False
9.0,Colon,6,GBFS_enhanced__init_probabilistic__ks_rc_greedy__post_buddy,8.0,0.004,False
9.0,Colon,7,GBFS_enhanced__init_probabilistic__ks_rc_greedy__post_buddy,25.0,0.0125,False
9.0,Colon,8,GBFS_enhanced__init_probabilistic__ks_rc_greedy__post_buddy,20.0,0.01,False
9.0,Colon,9,GBFS_enhanced__init_probabilistic__ks_rc_greedy__post_buddy,12.0,0.006,False
9.0,Colon,10,GBFS_enhanced__init_probabilistic__ks_rc_greedy__post_buddy,11.0,0.0055,False
9.0,Colon,11,GBFS_enhanced__init_probabilistic__ks_rc_greedy__post_buddy,11.0,0.0055,False
9.0,Colon,12,GBFS_enhanced__init_probabilistic__ks_rc_greedy__post_buddy,19.0,0.0095,False
9.0,Colon,13,GBFS_enhanced__init_probabilistic__ks_rc_greedy__post_buddy,10.0,0.005,False
9.0,Colon,14,GBFS_enhanced__init_probabilistic__ks_rc_greedy__post_buddy,8.0,0.004,False
9.0,Colon,15,GBFS_enhanced__init_probabilistic__ks_rc_greedy__post_buddy,12.0,0.006,False
9.0,Colon,16,GBFS_enhanced__init_probabilistic__ks_rc_greedy__post_buddy,13.0,0.0065,False
9.0,Colon,17,GBFS_enhanced__init_probabilistic__ks_rc_greedy__post_buddy,10.0,0.005,False
9.0,Colon,18,GBFS_enhanced__init_probabilistic__ks_rc_greedy__post_buddy,9.0,0.0045,False
9.0,Colon,19,GBFS_enhanced__init_probabilistic__ks_rc_greedy__post_buddy,11.0,0.0055,False
9.0,Colon,20,GBFS_enhanced__init_probabilistic__ks_rc_greedy__post_buddy,13.0,0.0065,False
9.0,Colon,21,GBFS_enhanced__init_probabilistic__ks_rc_greedy__post_buddy,9.0,0.0045,False
9.0,Colon,22,GBFS_enhanced__init_probabilistic__ks_rc_greedy__post_buddy,10.0,0.005,False
9.0,Colon,23,GBFS_enhanced__init_probabilistic__ks_rc_greedy__post_buddy,12.0,0.006,False
9.0,Colon,24,GBFS_enhanced__init_probabilistic__ks_rc_greedy__post_buddy,8.0,0.004,False
9.0,Colon,25,GBFS_enhanced__init_probabilistic__ks_rc_greedy__post_buddy,10.0,0.005,False
9.0,Colon,26,GBFS_enhanced__init_probabilistic__ks_rc_greedy__post_buddy,11.0,0.0055,False
9.0,Colon,27,GBFS_enhanced__init_probabilistic__ks_rc_greedy__post_buddy,11.0,0.0055,False
9.0,Colon,28,GBFS_enhanced__init_probabilistic__ks_rc_greedy__post_buddy,10.0,0.005,False
9.0,Colon,29,GBFS_enhanced__init_probabilistic__ks_rc_greedy__post_buddy,12.0,0.006,False
9.0,Colon,30,GBFS_enhanced__init_probabilistic__ks_rc_greedy__post_buddy,10.0,0.005,False
9.0,Colon,31,GBFS_enhanced__init_probabilistic__ks_rc_greedy__post_buddy,10.0,0.005,False
9.0,Colon,32,GBFS_enhanced__init_probabilistic__ks_rc_greedy__post_buddy,15.0,0.0075,False
9.0,Colon,33,GBFS_enhanced__init_probabilistic__ks_rc_greedy__post_buddy,9.0,0.0045,False
9.0,Colon,34,GBFS_enhanced__init_probabilistic__ks_rc_greedy__post_buddy,9.0,0.0045,False
9.0,Colon,35,GBFS_enhanced__init_probabilistic__ks_rc_greedy__post_buddy,13.0,0.0065,False
9.0,Colon,36,GBFS_enhanced__init_probabilistic__ks_rc_greedy__post_buddy,9.0,0.0045,False
9.0,Colon,37,GBFS_enhanced__init_probabilistic__ks_rc_greedy__post_buddy,11.0,0.0055,False
9.0,Colon,38,GBFS_enhanced__init_probabilistic__ks_rc_greedy__post_buddy,13.0,0.0065,False
9.0,Colon,39,GBFS_enhanced__init_probabilistic__ks_rc_greedy__post_buddy,12.0,0.006,False
9.0,Colon,40,GBFS_enhanced__init_probabilistic__ks_rc_greedy__post_buddy,9.0,0.0045,False
10.0,Pie10p,1,GBFS_enhanced__init_probabilistic__ks_rc_greedy__post_buddy,30.0,0.012396694214876,False
10.0,Pie10p,2,GBFS_enhanced__init_probabilistic__ks_rc_greedy__post_buddy,24.0,0.0099173553719008,False
10.0,Pie10p,3,GBFS_enhanced__init_probabilistic__ks_rc_greedy__post_buddy,21.0,0.0086776859504132,False
10.0,Pie10p,4,GBFS_enhanced__init_probabilistic__ks_rc_greedy__post_buddy,28.0,0.0115702479338842,False
10.0,Pie10p,5,GBFS_enhanced__init_probabilistic__ks_rc_greedy__post_buddy,20.0,0.0082644628099173,False
10.0,Pie10p,6,GBFS_enhanced__init_probabilistic__ks_rc_greedy__post_buddy,31.0,0.0128099173553719,False
10.0,Pie10p,7,GBFS_enhanced__init_probabilistic__ks_rc_greedy__post_buddy,22.0,0.009090909090909,False
10.0,Pie10p,8,GBFS_enhanced__init_probabilistic__ks_rc_greedy__post_buddy,20.0,0.0082644628099173,False
10.0,Pie10p,9,GBFS_enhanced__init_probabilistic__ks_rc_greedy__post_buddy,31.0,0.0128099173553719,True
10.0,Pie10p,10,GBFS_enhanced__init_probabilistic__ks_rc_greedy__post_buddy,29.0,0.0119834710743801,False
10.0,Pie10p,11,GBFS_enhanced__init_probabilistic__ks_rc_greedy__post_buddy,27.0,0.0111570247933884,False
10.0,Pie10p,12,GBFS_enhanced__init_probabilistic__ks_rc_greedy__post_buddy,26.0,0.0107438016528925,False
10.0,Pie10p,13,GBFS_enhanced__init_probabilistic__ks_rc_greedy__post_buddy,24.0,0.0099173553719008,False
10.0,Pie10p,14,GBFS_enhanced__init_probabilistic__ks_rc_greedy__post_buddy,27.0,0.0111570247933884,False
10.0,Pie10p,15,GBFS_enhanced__init_probabilistic__ks_rc_greedy__post_buddy,21.0,0.0086776859504132,False
10.0,Pie10p,16,GBFS_enhanced__init_probabilistic__ks_rc_greedy__post_buddy,23.0,0.0095041322314049,False
10.0,Pie10p,17,GBFS_enhanced__init_probabilistic__ks_rc_greedy__post_buddy,26.0,0.0107438016528925,False
10.0,Pie10p,18,GBFS_enhanced__init_probabilistic__ks_rc_greedy__post_buddy,26.0,0.0107438016528925,False
10.0,Pie10p,19,GBFS_enhanced__init_probabilistic__ks_rc_greedy__post_buddy,30.0,0.012396694214876,False
10.0,Pie10p,20,GBFS_enhanced__init_probabilistic__ks_rc_greedy__post_buddy,19.0,0.0078512396694214,False
10.0,Pie10p,21,GBFS_enhanced__init_probabilistic__ks_rc_greedy__post_buddy,28.0,0.0115702479338842,False
10.0,Pie10p,22,GBFS_enhanced__init_probabilistic__ks_rc_greedy__post_buddy,28.0,0.0115702479338842,False
10.0,Pie10p,23,GBFS_enhanced__init_probabilistic__ks_rc_greedy__post_buddy,28.0,0.0115702479338842,False
10.0,Pie10p,24,GBFS_enhanced__init_probabilistic__ks_rc_greedy__post_buddy,35.0,0.0144628099173553,False
10.0,Pie10p,25,GBFS_enhanced__init_probabilistic__ks_rc_greedy__post_buddy,23.0,0.0095041322314049,False
10.0,Pie10p,26,GBFS_enhanced__init_probabilistic__ks_rc_greedy__post_buddy,26.0,0.0107438016528925,False
10.0,Pie10p,27,GBFS_enhanced__init_probabilistic__ks_rc_greedy__post_buddy,20.0,0.0082644628099173,False
10.0,Pie10p,28,GBFS_enhanced__init_probabilistic__ks_rc_greedy__post_buddy,25.0,0.0103305785123966,False
10.0,Pie10p,29,GBFS_enhanced__init_probabilistic__ks_rc_greedy__post_buddy,26.0,0.0107438016528925,False
10.0,Pie10p,30,GBFS_enhanced__init_probabilistic__ks_rc_greedy__post_buddy,26.0,0.0107438016528925,False
10.0,Pie10p,31,GBFS_enhanced__init_probabilistic__ks_rc_greedy__post_buddy,20.0,0.0082644628099173,False
10.0,Pie10p,32,GBFS_enhanced__init_probabilistic__ks_rc_greedy__post_buddy,19.0,0.0078512396694214,False
10.0,Pie10p,33,GBFS_enhanced__init_probabilistic__ks_rc_greedy__post_buddy,35.0,0.0144628099173553,False
10.0,Pie10p,34,GBFS_enhanced__init_probabilistic__ks_rc_greedy__post_buddy,25.0,0.0103305785123966,False
10.0,Pie10p,35,GBFS_enhanced__init_probabilistic__ks_rc_greedy__post_buddy,28.0,0.0115702479338842,False
10.0,Pie10p,36,GBFS_enhanced__init_probabilistic__ks_rc_greedy__post_buddy,21.0,0.0086776859504132,False
10.0,Pie10p,37,GBFS_enhanced__init_probabilistic__ks_rc_greedy__post_buddy,26.0,0.0107438016528925,False
10.0,Pie10p,38,GBFS_enhanced__init_probabilistic__ks_rc_greedy__post_buddy,15.0,0.006198347107438,False
10.0,Pie10p,39,GBFS_enhanced__init_probabilistic__ks_rc_greedy__post_buddy,21.0,0.0086776859504132,False
10.0,Pie10p,40,GBFS_enhanced__init_probabilistic__ks_rc_greedy__post_buddy,31.0,0.0128099173553719,False
12.0,Gisette,1,GBFS_enhanced__init_probabilistic__ks_rc_greedy__post_buddy,34.0,0.0068,False
12.0,Gisette,2,GBFS_enhanced__init_probabilistic__ks_rc_greedy__post_buddy,28.0,0.0056,False
12.0,Gisette,3,GBFS_enhanced__init_probabilistic__ks_rc_greedy__post_buddy,34.0,0.0068,False
12.0,Gisette,4,GBFS_enhanced__init_probabilistic__ks_rc_greedy__post_buddy,32.0,0.0064,False
12.0,Gisette,5,GBFS_enhanced__init_probabilistic__ks_rc_greedy__post_buddy,26.0,0.0052,False
12.0,Gisette,6,GBFS_enhanced__init_probabilistic__ks_rc_greedy__post_buddy,32.0,0.0064,False
12.0,Gisette,7,GBFS_enhanced__init_probabilistic__ks_rc_greedy__post_buddy,36.0,0.0072,False
12.0,Gisette,8,GBFS_enhanced__init_probabilistic__ks_rc_greedy__post_buddy,40.0,0.008,False
12.0,Gisette,9,GBFS_enhanced__init_probabilistic__ks_rc_greedy__post_buddy,34.0,0.0068,False
12.0,Gisette,10,GBFS_enhanced__init_probabilistic__ks_rc_greedy__post_buddy,30.0,0.006,False
12.0,Gisette,11,GBFS_enhanced__init_probabilistic__ks_rc_greedy__post_buddy,34.0,0.0068,False
12.0,Gisette,12,GBFS_enhanced__init_probabilistic__ks_rc_greedy__post_buddy,28.0,0.0056,False
12.0,Gisette,13,GBFS_enhanced__init_probabilistic__ks_rc_greedy__post_buddy,32.0,0.0064,False
12.0,Gisette,14,GBFS_enhanced__init_probabilistic__ks_rc_greedy__post_buddy,26.0,0.0052,False
12.0,Gisette,15,GBFS_enhanced__init_probabilistic__ks_rc_greedy__post_buddy,28.0,0.0056,False
12.0,Gisette,16,GBFS_enhanced__init_probabilistic__ks_rc_greedy__post_buddy,40.0,0.008,False
12.0,Gisette,17,GBFS_enhanced__init_probabilistic__ks_rc_greedy__post_buddy,40.0,0.008,False
12.0,Gisette,18,GBFS_enhanced__init_probabilistic__ks_rc_greedy__post_buddy,42.0,0.0084,False
12.0,Gisette,19,GBFS_enhanced__init_probabilistic__ks_rc_greedy__post_buddy,22.0,0.0044,False
12.0,Gisette,20,GBFS_enhanced__init_probabilistic__ks_rc_greedy__post_buddy,40.0,0.008,False
12.0,Gisette,21,GBFS_enhanced__init_probabilistic__ks_rc_greedy__post_buddy,30.0,0.006,False
12.0,Gisette,22,GBFS_enhanced__init_probabilistic__ks_rc_greedy__post_buddy,30.0,0.006,False
12.0,Gisette,23,GBFS_enhanced__init_probabilistic__ks_rc_greedy__post_buddy,32.0,0.0064,False
12.0,Gisette,24,GBFS_enhanced__init_probabilistic__ks_rc_greedy__post_buddy,36.0,0.0072,False
12.0,Gisette,25,GBFS_enhanced__init_probabilistic__ks_rc_greedy__post_buddy,38.0,0.0076,False
12.0,Gisette,26,GBFS_enhanced__init_probabilistic__ks_rc_greedy__post_buddy,36.0,0.0072,False
12.0,Gisette,27,GBFS_enhanced__init_probabilistic__ks_rc_greedy__post_buddy,38.0,0.0076,False
12.0,Gisette,28,GBFS_enhanced__init_probabilistic__ks_rc_greedy__post_buddy,28.0,0.0056,False
12.0,Gisette,29,GBFS_enhanced__init_probabilistic__ks_rc_greedy__post_buddy,38.0,0.0076,False
12.0,Gisette,30,GBFS_enhanced__init_probabilistic__ks_rc_greedy__post_buddy,24.0,0.0048,False
12.0,Gisette,31,GBFS_enhanced__init_probabilistic__ks_rc_greedy__post_buddy,30.0,0.006,False
12.0,Gisette,32,GBFS_enhanced__init_probabilistic__ks_rc_greedy__post_buddy,26.0,0.0052,False
12.0,Gisette,33,GBFS_enhanced__init_probabilistic__ks_rc_greedy__post_buddy,26.0,0.0052,False
12.0,Gisette,34,GBFS_enhanced__init_probabilistic__ks_rc_greedy__post_buddy,30.0,0.006,False
12.0,Gisette,35,GBFS_enhanced__init_probabilistic__ks_rc_greedy__post_buddy,28.0,0.0056,False
12.0,Gisette,36,GBFS_enhanced__init_probabilistic__ks_rc_greedy__post_buddy,40.0,0.008,False
12.0,Gisette,37,GBFS_enhanced__init_probabilistic__ks_rc_greedy__post_buddy,26.0,0.0052,False
12.0,Gisette,38,GBFS_enhanced__init_probabilistic__ks_rc_greedy__post_buddy,30.0,0.006,False
12.0,Gisette,39,GBFS_enhanced__init_probabilistic__ks_rc_greedy__post_buddy,38.0,0.0076,False
12.0,Gisette,40,GBFS_enhanced__init_probabilistic__ks_rc_greedy__post_buddy,22.0,0.0044,False
13.0,Tox_171,1,GBFS_enhanced__init_probabilistic__ks_rc_greedy__post_buddy,26.0,0.0045233124565066,False
13.0,Tox_171,2,GBFS_enhanced__init_probabilistic__ks_rc_greedy__post_buddy,20.0,0.0034794711203897,False
13.0,Tox_171,3,GBFS_enhanced__init_probabilistic__ks_rc_greedy__post_buddy,15.0,0.0026096033402922,False
13.0,Tox_171,4,GBFS_enhanced__init_probabilistic__ks_rc_greedy__post_buddy,16.0,0.0027835768963117,False
13.0,Tox_171,5,GBFS_enhanced__init_probabilistic__ks_rc_greedy__post_buddy,24.0,0.0041753653444676,False
13.0,Tox_171,6,GBFS_enhanced__init_probabilistic__ks_rc_greedy__post_buddy,22.0,0.0038274182324286,False
13.0,Tox_171,7,GBFS_enhanced__init_probabilistic__ks_rc_greedy__post_buddy,20.0,0.0034794711203897,False
13.0,Tox_171,8,GBFS_enhanced__init_probabilistic__ks_rc_greedy__post_buddy,18.0,0.0031315240083507,False
13.0,Tox_171,9,GBFS_enhanced__init_probabilistic__ks_rc_greedy__post_buddy,20.0,0.0034794711203897,False
13.0,Tox_171,10,GBFS_enhanced__init_probabilistic__ks_rc_greedy__post_buddy,20.0,0.0034794711203897,False
13.0,Tox_171,11,GBFS_enhanced__init_probabilistic__ks_rc_greedy__post_buddy,22.0,0.0038274182324286,False
13.0,Tox_171,12,GBFS_enhanced__init_probabilistic__ks_rc_greedy__post_buddy,24.0,0.0041753653444676,False
13.0,Tox_171,13,GBFS_enhanced__init_probabilistic__ks_rc_greedy__post_buddy,18.0,0.0031315240083507,False
13.0,Tox_171,14,GBFS_enhanced__init_probabilistic__ks_rc_greedy__post_buddy,29.0,0.005045233124565,False
13.0,Tox_171,15,GBFS_enhanced__init_probabilistic__ks_rc_greedy__post_buddy,16.0,0.0027835768963117,False
13.0,Tox_171,16,GBFS_enhanced__init_probabilistic__ks_rc_greedy__post_buddy,21.0,0.0036534446764091,False
13.0,Tox_171,17,GBFS_enhanced__init_probabilistic__ks_rc_greedy__post_buddy,16.0,0.0027835768963117,False
13.0,Tox_171,18,GBFS_enhanced__init_probabilistic__ks_rc_greedy__post_buddy,32.0,0.0055671537926235,False
13.0,Tox_171,19,GBFS_enhanced__init_probabilistic__ks_rc_greedy__post_buddy,15.0,0.0026096033402922,False
13.0,Tox_171,20,GBFS_enhanced__init_probabilistic__ks_rc_greedy__post_buddy,20.0,0.0034794711203897,False
13.0,Tox_171,21,GBFS_enhanced__init_probabilistic__ks_rc_greedy__post_buddy,22.0,0.0038274182324286,False
13.0,Tox_171,22,GBFS_enhanced__init_probabilistic__ks_rc_greedy__post_buddy,28.0,0.0048712595685455,False
13.0,Tox_171,23,GBFS_enhanced__init_probabilistic__ks_rc_greedy__post_buddy,18.0,0.0031315240083507,False
13.0,Tox_171,24,GBFS_enhanced__init_probabilistic__ks_rc_greedy__post_buddy,20.0,0.0034794711203897,False
13.0,Tox_171,25,GBFS_enhanced__init_probabilistic__ks_rc_greedy__post_buddy,22.0,0.0038274182324286,False
13.0,Tox_171,26,GBFS_enhanced__init_probabilistic__ks_rc_greedy__post_buddy,24.0,0.0041753653444676,False
13.0,Tox_171,27,GBFS_enhanced__init_probabilistic__ks_rc_greedy__post_buddy,30.0,0.0052192066805845,False
13.0,Tox_171,28,GBFS_enhanced__init_probabilistic__ks_rc_greedy__post_buddy,23.0,0.0040013917884481,False
13.0,Tox_171,29,GBFS_enhanced__init_probabilistic__ks_rc_greedy__post_buddy,22.0,0.0038274182324286,False
13.0,Tox_171,30,GBFS_enhanced__init_probabilistic__ks_rc_greedy__post_buddy,22.0,0.0038274182324286,False
13.0,Tox_171,31,GBFS_enhanced__init_probabilistic__ks_rc_greedy__post_buddy,20.0,0.0034794711203897,False
13.0,Tox_171,32,GBFS_enhanced__init_probabilistic__ks_rc_greedy__post_buddy,20.0,0.0034794711203897,False
13.0,Tox_171,33,GBFS_enhanced__init_probabilistic__ks_rc_greedy__post_buddy,22.0,0.0038274182324286,False
13.0,Tox_171,34,GBFS_enhanced__init_probabilistic__ks_rc_greedy__post_buddy,20.0,0.0034794711203897,False
13.0,Tox_171,35,GBFS_enhanced__init_probabilistic__ks_rc_greedy__post_buddy,28.0,0.0048712595685455,False
13.0,Tox_171,36,GBFS_enhanced__init_probabilistic__ks_rc_greedy__post_buddy,18.0,0.0031315240083507,False
13.0,Tox_171,37,GBFS_enhanced__init_probabilistic__ks_rc_greedy__post_buddy,22.0,0.0038274182324286,False
13.0,Tox_171,38,GBFS_enhanced__init_probabilistic__ks_rc_greedy__post_buddy,20.0,0.0034794711203897,False
13.0,Tox_171,39,GBFS_enhanced__init_probabilistic__ks_rc_greedy__post_buddy,22.0,0.0038274182324286,False
13.0,Tox_171,40,GBFS_enhanced__init_probabilistic__ks_rc_greedy__post_buddy,29.0,0.005045233124565,False